 	Task	Responder	sender_entity	sender_name	recipient	block	tool_type	tool	content
 	Bot	Entity.USER	Entity.USER			None			do you understand what an 'agentic architecture' is ?
 	Bot	Entity.USER	Entity.USER	Entity.USER		None			[CANNOT RESPOND]
 	Bot	Entity.AGENT	Entity.USER			None			
*	Bot	Entity.LLM	Entity.LLM			None			"Agentic architecture" refers to a design philosophy or approach in architecture...ore user-centered, interactive, and responsive designs in the built environment.
 	Bot	Entity.USER	Entity.USER			None			
 	Bot	Entity.AGENT	Entity.USER			None			
 	Bot	Entity.LLM	Entity.LLM	Entity.LLM		None			[CANNOT RESPOND]
*	Bot	Entity.USER	Entity.USER			None			DO-NOT-KNOW
 	Bot	Entity.USER	Entity.USER	Entity.USER		None			[CANNOT RESPOND]
 	Bot	Entity.AGENT	Entity.USER			None			
*	Bot	Entity.LLM	Entity.LLM			None			If you're indicating that the term "agentic architecture" is unfamiliar or not w...efinition or to understand how it's being applied within a particular discourse.
*	Bot	Entity.USER	Entity.USER			None			q
 	Task	Responder	sender_entity	sender_name	recipient	block	tool_type	tool	content
 	Teacher	Entity.USER	Entity.USER			None			
 	Teacher	Entity.USER	Entity.USER	Entity.USER		None			[CANNOT RESPOND]
 	Teacher	Entity.AGENT	Entity.USER			None			
*	Teacher	Entity.LLM	Entity.LLM			None			What is the square root of 144?
*	Teacher	Entity.USER	Entity.USER			None			q
 	Task	Responder	sender_entity	sender_name	recipient	block	tool_type	tool	content
 	Teacher	Entity.USER	Entity.USER			None			
 	Teacher	Entity.USER	Entity.USER	Entity.USER		None			[CANNOT RESPOND]
 	Teacher	Entity.AGENT	Entity.USER			None			
*	Teacher	Entity.LLM	Entity.LLM			None			What is the square root of 144?
 	Teacher	Entity.USER	Entity.USER			None			
 	Teacher	Entity.AGENT	Entity.USER			None			
 	Teacher	Entity.LLM	Entity.LLM	Entity.LLM		None			[CANNOT RESPOND]
 	Student	Entity.USER	Entity.USER			None			What is the square root of 144?
 	Student	Entity.USER	Entity.USER	Entity.USER		None			[CANNOT RESPOND]
 	Student	Entity.AGENT	Entity.USER			None			
*	Student	Entity.LLM	Entity.LLM			None			The square root of 144 is 12.
*	Teacher	Student	Entity.USER	Student		None			The square root of 144 is 12.
 	Teacher	Entity.USER	Entity.USER			None			
 	Teacher	Entity.AGENT	Entity.USER			None			
*	Teacher	Entity.LLM	Entity.LLM			None			That's correct! Well done. Now, can you tell me what is 7 cubed (7^3)?
 	Teacher	Entity.USER	Entity.USER			None			
 	Teacher	Entity.AGENT	Entity.USER			None			
 	Teacher	Entity.LLM	Entity.LLM	Entity.LLM		None			[CANNOT RESPOND]
 	Student	Entity.USER	Entity.USER			None			That's correct! Well done. Now, can you tell me what is 7 cubed (7^3)?
 	Student	Entity.USER	Entity.USER	Entity.USER		None			[CANNOT RESPOND]
 	Student	Entity.AGENT	Entity.USER			None			
*	Student	Entity.LLM	Entity.LLM			None			7 cubed (7^3) is 343.
*	Teacher	Student	Entity.USER	Student		None			7 cubed (7^3) is 343.
 	Teacher	Entity.USER	Entity.USER			None			
 	Teacher	Entity.AGENT	Entity.USER			None			
*	Teacher	Entity.LLM	Entity.LLM			None			Exactly right! Great job. Now, how about calculating 15% of 200?
 	Teacher	Entity.USER	Entity.USER			None			
 	Teacher	Entity.AGENT	Entity.USER			None			
 	Teacher	Entity.LLM	Entity.LLM	Entity.LLM		None			[CANNOT RESPOND]
 	Student	Entity.USER	Entity.USER			None			Exactly right! Great job. Now, how about calculating 15% of 200?
 	Student	Entity.USER	Entity.USER	Entity.USER		None			[CANNOT RESPOND]
 	Student	Entity.AGENT	Entity.USER			None			
*	Student	Entity.LLM	Entity.LLM			None			15% of 200 is 30.
*	Teacher	Student	Entity.USER	Student		None			15% of 200 is 30.
*	Teacher	Entity.USER	Entity.USER			None			q
